{"compliance": 0.8590476190476191, "compliance-IBC1020_2": 0.8171428571428572, "compliance-IBC1207_1": 0.8666666666666667, "compliance-IBC1207_3": 0.8228571428571428}