{"compliance": {"0.0001": {"U1_OK_d_wl_ew6": 0.00013939655437497146, "U1_OK_d_wl_sn21": 0.0003779992139086241, "U1_OK_d_wl_sn26": 0.00028534139761205704, "U1_OK_d_wl_sn10": 0.0001356090749377269, "U1_OK_d_wl_ew35": 0.0005517918093619302, "b": -1.009854357147216, "accuracy": 0.8460076045627376}, "0.001": {"U1_OK_d_wl_ew6": 0.001393965543749065, "U1_OK_d_wl_sn21": 0.0037799921390872944, "U1_OK_d_wl_sn26": 0.002853413976118312, "U1_OK_d_wl_sn10": 0.001356090749375539, "U1_OK_d_wl_ew35": 0.005517918093618009, "b": -1.098543571472168, "accuracy": 0.8460076045627376}, "0.01": {"U1_OK_d_wl_ew6": 0.013598743776726624, "U1_OK_d_wl_sn21": 0.03206283809828627, "U1_OK_d_wl_sn26": 0.022074109857917093, "U1_OK_d_wl_sn10": 0.009570531245884008, "U1_OK_d_wl_ew35": 0.05724098332879411, "b": -1.919732880812575, "accuracy": 0.8460076045627376}, "0.1": {"U1_OK_d_wl_ew6": 0.13708694395667348, "U1_OK_d_wl_sn21": 0.324814217241011, "U1_OK_d_wl_sn26": 0.22335007910819415, "U1_OK_d_wl_sn10": 0.08569910948250792, "U1_OK_d_wl_ew35": 0.5690728643879541, "b": -10.148437308601451, "accuracy": 0.8460076045627376}, "1.0": {"U1_OK_d_wl_ew6": 1.3643780836171584, "U1_OK_d_wl_sn21": 3.21703971728714, "U1_OK_d_wl_sn26": 2.2338742410915042, "U1_OK_d_wl_sn10": 0.8747385788023294, "U1_OK_d_wl_ew35": 5.705204920375344, "b": -92.62511748239739, "accuracy": 0.8498098859315589}, "10.0": {"U1_OK_d_wl_ew6": 2.3270394654734794, "U1_OK_d_wl_sn21": 5.314885519419153, "U1_OK_d_wl_sn26": 3.1652777768684217, "U1_OK_d_wl_sn10": 0.9133072468564549, "U1_OK_d_wl_ew35": 11.716116193975296, "b": -168.79812006503548, "accuracy": 0.8821292775665399}, "100.0": {"U1_OK_d_wl_ew6": 2.4324894466634532, "U1_OK_d_wl_sn21": 5.703857620632903, "U1_OK_d_wl_sn26": 3.3377597850851544, "U1_OK_d_wl_sn10": 0.7837531774965782, "U1_OK_d_wl_ew35": 13.329089614375903, "b": -187.02308056908905, "accuracy": 0.8878326996197718}, "1000.0": {"U1_OK_d_wl_ew6": 2.486857030191004, "U1_OK_d_wl_sn21": 5.763920848655744, "U1_OK_d_wl_sn26": 3.3553440090618096, "U1_OK_d_wl_sn10": 0.8294274756981395, "U1_OK_d_wl_ew35": 13.3437285832606, "b": -187.8821742653727, "accuracy": 0.8878326996197718}, "10000.0": {"U1_OK_d_wl_ew6": 3.5200862711353693, "U1_OK_d_wl_sn21": 7.655269341790699, "U1_OK_d_wl_sn26": 4.2951774800458224, "U1_OK_d_wl_sn10": 1.4487546522141201, "U1_OK_d_wl_ew35": 15.85605910726008, "b": -231.9357861486559, "accuracy": 0.8859315589353612}, "100000.0": {"U1_OK_d_wl_ew6": 18.56797467987053, "U1_OK_d_wl_sn21": 51.223592431342695, "U1_OK_d_wl_sn26": 25.703658636659384, "U1_OK_d_wl_sn10": 2.4896153522422537, "U1_OK_d_wl_ew35": 86.32652942370623, "b": -1275.5787126446585, "accuracy": 0.8859315589353612}, "1000000.0": {"U1_OK_d_wl_ew6": 167.53039039252326, "U1_OK_d_wl_sn21": 473.3243059576489, "U1_OK_d_wl_sn26": 185.63180168066174, "U1_OK_d_wl_sn10": 34.946932329796255, "U1_OK_d_wl_ew35": 881.1047949399799, "b": -12270.366070929113, "accuracy": 0.8840304182509505}}, "compliance-IBC1020_2": {"0.0001": {"U1_OK_d_wl_ew6": -0.011058834794470472, "U1_OK_d_wl_sn21": 0.0029228097523871805, "U1_OK_d_wl_sn26": 0.00032700910459023454, "U1_OK_d_wl_sn10": 0.0004880861008806776, "U1_OK_d_wl_ew35": 0.010833721668564975, "b": 0.910277103424072, "accuracy": 0.596958174904943}, "0.001": {"U1_OK_d_wl_ew6": -0.11068895039989846, "U1_OK_d_wl_sn21": 0.029037847671341745, "U1_OK_d_wl_sn26": 0.004147316476784081, "U1_OK_d_wl_sn10": 0.006225709859176242, "U1_OK_d_wl_ew35": 0.10768214476610538, "b": 0.09311872100830074, "accuracy": 0.596958174904943}, "0.01": {"U1_OK_d_wl_ew6": -1.1042287679989802, "U1_OK_d_wl_sn21": 0.2932186127133665, "U1_OK_d_wl_sn26": 0.0414272647678255, "U1_OK_d_wl_sn10": 0.06385665059177663, "U1_OK_d_wl_ew35": 1.0786684756609688, "b": -8.109887313842766, "accuracy": 0.596958174904943}, "0.1": {"U1_OK_d_wl_ew6": -4.355119224043112, "U1_OK_d_wl_sn21": 0.8037109723274668, "U1_OK_d_wl_sn26": 0.1648907282764076, "U1_OK_d_wl_sn10": 0.2611586168716107, "U1_OK_d_wl_ew35": 4.555346431157036, "b": -36.73437029813715, "accuracy": 0.8593155893536122}, "1.0": {"U1_OK_d_wl_ew6": -10.090095161759566, "U1_OK_d_wl_sn21": 0.5004542063869692, "U1_OK_d_wl_sn26": 0.037170245964349036, "U1_OK_d_wl_sn10": 0.17825057882310258, "U1_OK_d_wl_ew35": 10.427918842190994, "b": -76.12850932841738, "accuracy": 0.9543726235741445}, "10.0": {"U1_OK_d_wl_ew6": -23.105473785699097, "U1_OK_d_wl_sn21": 0.3938637445968922, "U1_OK_d_wl_sn26": -0.14992344617222386, "U1_OK_d_wl_sn10": 0.015781297183835363, "U1_OK_d_wl_ew35": 23.110576558025713, "b": -161.21710294327193, "accuracy": 0.9885931558935361}, "100.0": {"U1_OK_d_wl_ew6": -50.95553240545257, "U1_OK_d_wl_sn21": -0.3631166106482624, "U1_OK_d_wl_sn26": -0.26925807754730613, "U1_OK_d_wl_sn10": -1.1497924383997997, "U1_OK_d_wl_ew35": 51.32764226319364, "b": -350.5159525732034, "accuracy": 0.9923954372623575}, "1000.0": {"U1_OK_d_wl_ew6": -108.88019598289338, "U1_OK_d_wl_sn21": -0.8136256961120125, "U1_OK_d_wl_sn26": 0.5160929906569436, "U1_OK_d_wl_sn10": -1.181882383483753, "U1_OK_d_wl_ew35": 108.6619915625397, "b": -753.8596234575175, "accuracy": 0.9942965779467681}, "10000.0": {"U1_OK_d_wl_ew6": -277.49612601175846, "U1_OK_d_wl_sn21": 0.38985200555424626, "U1_OK_d_wl_sn26": 1.7371149581202516, "U1_OK_d_wl_sn10": -0.7684091504722268, "U1_OK_d_wl_ew35": 275.41164849449177, "b": -1927.8179284043586, "accuracy": 1.0}, "100000.0": {"U1_OK_d_wl_ew6": -802.0173843465163, "U1_OK_d_wl_sn21": 2.6579440223868005, "U1_OK_d_wl_sn26": 7.535542498109862, "U1_OK_d_wl_sn10": -4.9103896681335755, "U1_OK_d_wl_ew35": 793.0667370521696, "b": -5552.335010066959, "accuracy": 0.9980988593155894}, "1000000.0": {"U1_OK_d_wl_ew6": -6364.846430919599, "U1_OK_d_wl_sn21": 31.73183750268072, "U1_OK_d_wl_sn26": 51.673911860212684, "U1_OK_d_wl_sn10": -9.677404184825718, "U1_OK_d_wl_ew35": 6305.045496061444, "b": -44291.093737940224, "accuracy": 0.9942965779467681}}, "compliance-IBC1207_1": {"0.0001": {"U1_OK_d_wl_ew6": 0.0021960618557639922, "U1_OK_d_wl_sn21": 0.005314413167604024, "U1_OK_d_wl_sn26": 3.0218628174984294e-05, "U1_OK_d_wl_sn10": -0.0007165212740407175, "U1_OK_d_wl_ew35": -0.00010144213960971266, "b": 0.9848854164123537, "accuracy": 0.7870722433460076}, "0.001": {"U1_OK_d_wl_ew6": 0.0182027024469264, "U1_OK_d_wl_sn21": 0.05109205881572895, "U1_OK_d_wl_sn26": -0.0005306318333174716, "U1_OK_d_wl_sn10": -0.008675986617679812, "U1_OK_d_wl_ew35": -0.0009398245807555623, "b": 0.8778472595214839, "accuracy": 0.7870722433460076}, "0.01": {"U1_OK_d_wl_ew6": 0.1821455999460449, "U1_OK_d_wl_sn21": 0.5107370725509032, "U1_OK_d_wl_sn26": -0.0032282853680471735, "U1_OK_d_wl_sn10": -0.08565154426124608, "U1_OK_d_wl_ew35": -0.010375549959667801, "b": -0.23425260977382334, "accuracy": 0.7870722433460076}, "0.1": {"U1_OK_d_wl_ew6": 1.277275438527282, "U1_OK_d_wl_sn21": 4.075526399875257, "U1_OK_d_wl_sn26": 0.0674277446989412, "U1_OK_d_wl_sn10": -0.669527134903578, "U1_OK_d_wl_ew35": -0.0802396383644246, "b": -9.148523019293124, "accuracy": 0.8650190114068441}, "1.0": {"U1_OK_d_wl_ew6": 1.3824756413779422, "U1_OK_d_wl_sn21": 7.201338335206426, "U1_OK_d_wl_sn26": 0.4394678776495189, "U1_OK_d_wl_sn10": -0.9466482174107149, "U1_OK_d_wl_ew35": -0.12194829649876482, "b": -18.107207549808976, "accuracy": 0.9125475285171103}, "10.0": {"U1_OK_d_wl_ew6": 1.441390295988823, "U1_OK_d_wl_sn21": 8.34990052036375, "U1_OK_d_wl_sn26": 0.5271920757717261, "U1_OK_d_wl_sn10": -0.9196856353219935, "U1_OK_d_wl_ew35": -0.2507239424774568, "b": -20.5811962053445, "accuracy": 0.9068441064638784}, "100.0": {"U1_OK_d_wl_ew6": 1.4598867227348649, "U1_OK_d_wl_sn21": 8.505199292059444, "U1_OK_d_wl_sn26": 0.5132734643850654, "U1_OK_d_wl_sn10": -0.8507461307250992, "U1_OK_d_wl_ew35": -0.20882526228820097, "b": -21.66230527270398, "accuracy": 0.908745247148289}, "1000.0": {"U1_OK_d_wl_ew6": 1.5224584739239617, "U1_OK_d_wl_sn21": 8.647338603883782, "U1_OK_d_wl_sn26": 0.6044321315112029, "U1_OK_d_wl_sn10": -0.9842313760800607, "U1_OK_d_wl_ew35": -0.15497349048200704, "b": -22.71556231583189,