{"compliance": 0.8794285714285714, "compliance-IBC1020_2": 0.8234285714285714, "compliance-IBC1207_1": 0.8708571428571429, "compliance-IBC1207_3": 0.8308571428571428}